<?xml version="1.0"?>
<!DOCTYPE hibernate-mapping PUBLIC "-//Hibernate/Hibernate Mapping DTD 3.0//EN"
"http://hibernate.sourceforge.net/hibernate-mapping-3.0.dtd">
<hibernate-mapping>
	<class name="com.mkyong.user.DBUser" table="user_hilo">

		<id name="userId" column="USER_ID">
			<generator class="hilo" />
		</id>

		<version name="version" column="version" />

		<property name="username" />

		<property name="createdBy" column="CREATED_BY" />

		<property name="createdDate" column="CREATED_DATE" />

		<property name="salary" column="NET_SALARY" />
		<property name="grSalary" column="GROSS_SALARY"/>

	</class>

	<class name="com.mkyong.user.Product" table="PRODUCTS">

		<id name="productId" column="pid">
			<generator class="assigned" />
		</id>

		<version name="v" column="ver" />

		<property name="proName" column="pname" />
		<property name="price" />

	</class>

</hibernate-mapping>
	
